<?xml version="1.0" encoding="UTF-8"?>
<!DOCTYPE hibernate-mapping PUBLIC
		"-//Hibernate/Hibernate Configuration DTD 3.0//EN"
		"http://hibernate.sourceforge.net/hibernate-mapping-3.0.dtd">
<hibernate-mapping>
	<class name="model.User" table="user">
		<id name="id" type="java.lang.Integer">
			<column name="userid" length="11" />
			<generator class="identity" />
		</id>
		<property name = "username" type="java.lang.String">
			<column name="username" />
		</property>
		<property name = "password" type="java.lang.String">
			<column name="password" />
		</property>
		<property name = "name" type="java.lang.String">
			<column name="name" />
		</property>
		<property name = "job" type="java.lang.String">
			<column name="job" />
		</property>
		<property name = "mobile" type="java.lang.String">
			<column name="mobile" />
		</property>
		<property name = "birth" type="java.util.Date">
			<column name="birth" />
		</property>
	</class>
</hibernate-mapping>